pid,location,sesid,T,lotteryposition,transfer,payment,kull,sex,age,polparty,cr,cr1,cr2,cr3
1,"UiB","FBAKY","2:Nominal choice","G",250,100,"2:Master","female",24,"6:H",0,0,0,0
2,"UiB","FBAKY","1:No choice","Y",200,100,"1:Bachelor","male",22,"6:H",3,1,1,1
3,"UiB","FBAKY","3:Forced choice","Y",400,850,9,"female",20,"2:Ap",2,0,1,1
4,"UiB","FBAKY","1:No choice","Y",400,500,"2:Master","female",23,"2:Ap",3,1,1,1
5,"UiB","FBAKY","3:Forced choice","Y",400,500,"1:Bachelor","female",22,"6:H",0,0,0,0
6,"UiB","FBAKY","1:No choice","Y",300,900,"1:Bachelor","female",21,"2:Ap",0,0,0,0
8,"UiB","FBAKY","2:Nominal choice","Y",400,100,"2:Master","male",24,"5:V",3,1,1,1
9,"UiB","FBAKY","2:Nominal choice","G",400,500,9,"female",20,"5:V",1,0,1,0
10,"UiB","FBAKY","1:No choice","Y",200,500,"1:Bachelor","female",23,"2:Ap",0,0,0,0
11,"UiB","FBAKY","1:No choice","Y",400,500,9,"female",19,"6:H",0,0,0,0
12,"UiB","FBAKY","2:Nominal choice","G",0,100,9,"male",20,"3:Sp",1,0,0,1
14,"UiB","FBAKY","3:Forced choice","Y",300,500,9,"female",21,"6:H",1,1,0,0
15,"UiB","FBAKY","3:Forced choice","S",400,125,9,"female",22,"6:H",0,0,0,0
17,"UiB","FBAKY","2:Nominal choice","G",400,500,"1:Bachelor","female",23,"2:Ap",0,0,0,0
19,"UiB","FBAKY","2:Nominal choice","G",300,900,"1:Bachelor","female",21,"2:Ap",0,0,0,0
20,"UiB","FBAKY","1:No choice","Y",400,500,9,"female",20,"5:V",1,0,0,1
22,"UiB","FBAKY","1:No choice","Y",0,700,"2:Master","female",21,"2:Ap",1,0,0,1
24,"UiB","FBAKY","1:No choice","Y",0,900,"2:Master","male",24,"6:H",2,1,0,1
25,"UiB","FBAKY","2:Nominal choice","Y",400,500,9,"female",24,"blank",1,1,0,0
26,"UiB","FBAKY","3:Forced choice","Y",400,100,"1:Bachelor","female",27,"1:SV",1,0,0,1
27,"UiB","FBAKY","2:Nominal choice","G",0,100,"1:Bachelor","female",21,"6:H",3,1,1,1
28,"UiB","FBAKY","3:Forced choice","Y",0,100,9,"female",21,"6:H",0,0,0,0
30,"UiB","FBAKY","2:Nominal choice","Y",200,500,"1:Bachelor","male",22,"6:H",2,0,1,1
32,"UiB","FBAKY","1:No choice","Y",0,300,"1:Bachelor","male",22,"4:Krf",1,0,0,1
33,"UiB","FBAKY","2:Nominal choice","Y",0,100,"1:Bachelor","male",20,"5:V",0,0,0,0
34,"UiB","FBAKY","1:No choice","Y",400,900,"1:Bachelor","female",21,"6:H",0,0,0,0
36,"UiB","TCLEN","2:Nominal choice","G",400,500,"1:Bachelor","male",22,"2:Ap",1,0,1,0
37,"UiB","TCLEN","1:No choice","Y",400,600,"1:Bachelor","male",23,"6:H",1,1,0,0
38,"UiB","TCLEN","2:Nominal choice","Y",100,450,9,"female",27,"2:Ap",0,0,0,0
39,"UiB","TCLEN","1:No choice","Y",200,500,"1:Bachelor","male",23,"other party",2,1,1,0
40,"UiB","TCLEN","1:No choice","Y",400,400,"1:Bachelor","male",21,"2:Ap",2,1,0,1
42,"UiB","TCLEN","3:Forced choice","Y",300,200,9,"male",21,"6:H",2,1,1,0
43,"UiB","TCLEN","1:No choice","Y",300,500,"2:Master","female",24,"other party",0,0,0,0
44,"UiB","TCLEN","3:Forced choice","Y",0,450,"1:Bachelor","male",21,"2:Ap",3,1,1,1
45,"UiB","TCLEN","2:Nominal choice","Y",350,500,9,"female",21,"2:Ap",3,1,1,1
46,"UiB","TCLEN","3:Forced choice","Y",400,100,"1:Bachelor","female",22,"2:Ap",1,0,0,1
49,"UiB","TCLEN","2:Nominal choice","G",400,900,"1:Bachelor","male",21,"6:H",0,0,0,0
50,"UiB","TCLEN","3:Forced choice","Y",350,100,"1:Bachelor","male",22,"2:Ap",1,0,0,1
51,"UiB","TCLEN","1:No choice","Y",400,500,"1:Bachelor","female",24,"other party",0,0,0,0
52,"UiB","TCLEN","1:No choice","Y",400,500,9,"male",19,"2:Ap",0,0,0,0
53,"UiB","TCLEN","3:Forced choice","Y",0,800,"1:Bachelor","male",23,"2:Ap",1,0,0,1
54,"UiB","TCLEN","2:Nominal choice","G",0,500,"1:Bachelor","male",19,"7:Frp",0,0,0,0
55,"UiB","TCLEN","1:No choice","Y",400,500,"1:Bachelor","male",22,"7:Frp",0,0,0,0
56,"UiB","TCLEN","1:No choice","Y",400,500,"1:Bachelor","male",18,"6:H",1,1,0,0
58,"UiB","TCLEN","1:No choice","Y",400,500,"1:Bachelor","female",37.25,"5:V",0,0,0,0
59,"UiB","TCLEN","2:Nominal choice","G",300,550,"2:Master","female",23,"blank",1,1,0,0
61,"UiB","TCLEN","3:Forced choice","Y",0,100,"1:Bachelor","male",22,"other party",1,1,0,0
62,"UiB","TCLEN","2:Nominal choice","Y",400,900,"1:Bachelor","male",23,"2:Ap",3,1,1,1
63,"UiB","TCLEN","2:Nominal choice","Y",400,600,"1:Bachelor","male",21,"5:V",0,0,0,0
64,"UiB","TCLEN","3:Forced choice","Y",400,100,"2:Master","male",24,"1:SV",2,1,0,1
65,"UiB","TCLEN","1:No choice","Y",300,500,9,"female",19,"5:V",1,0,0,1
66,"UiB","TCLEN","3:Forced choice","Y",200,550,"1:Bachelor","female",18,"7:Frp",0,0,0,0
67,"UiB","TCLEN","2:Nominal choice","G",400,400,"1:Bachelor","male",23,"5:V",1,0,1,0
69,"UiB","TCLEN","2:Nominal choice","Y",0,500,"1:Bachelor","male",23,"2:Ap",0,0,0,0
71,"UiB","TCLEN","3:Forced choice","Y",100,100,"1:Bachelor","male",21,"6:H",1,0,0,1
72,"UiB","WTXLD","1:No choice","Y",400,500,"2:Master","male",25,"5:V",3,1,1,1
73,"UiB","WTXLD","1:No choice","Y",100,500,"1:Bachelor","female",21,"1:SV",2,0,1,1
74,"UiB","WTXLD","2:Nominal choice","G",200,500,9,"female",30,"other party",1,0,0,1
75,"UiB","WTXLD","2:Nominal choice","Y",400,500,"1:Bachelor","female",21,"6:H",0,0,0,0
76,"UiB","WTXLD","2:Nominal choice","G",0,900,"1:Bachelor","female",22,"6:H",2,0,1,1
77,"UiB","WTXLD","3:Forced choice","Y",300,500,"1:Bachelor","male",21,"2:Ap",2,1,1,0
78,"UiB","WTXLD","3:Forced choice","Y",300,500,"2:Master","female",24,"6:H",3,1,1,1
79,"UiB","WTXLD","1:No choice","Y",400,800,9,"female",19,"5:V",2,1,1,0
80,"UiB","WTXLD","3:Forced choice","Y",400,600,"2:Master","female",23,"6:H",2,1,1,0
81,"UiB","WTXLD","3:Forced choice","Y",400,500,"1:Bachelor","male",21,"5:V",1,0,1,0
82,"UiB","WTXLD","1:No choice","Y",400,500,"1:Bachelor","male",24,"other party",3,1,1,1
83,"UiB","WTXLD","2:Nominal choice","G",0,500,"2:Master","male",28,"6:H",2,0,1,1
84,"UiB","WTXLD","1:No choice","Y",400,500,"2:Master","female",26,"blank",2,1,1,0
85,"UiB","WTXLD","2:Nominal choice","G",0,900,9,"male",22,"5:V",1,0,0,1
86,"UiB","WTXLD","3:Forced choice","Y",0,500,"2:Master","male",26,"2:Ap",2,0,1,1
87,"UiB","WTXLD","3:Forced choice","S",400,125,9,"female",19,"2:Ap",2,1,1,0
88,"UiB","WTXLD","2:Nominal choice","G",400,900,"1:Bachelor","male",23,"5:V",3,1,1,1
89,"UiB","WTXLD","1:No choice","Y",400,500,"2:Master","male",28,"2:Ap",3,1,1,1
90,"UiB","WTXLD","3:Forced choice","Y",400,400,"1:Bachelor","female",21,"blank",1,1,0,0
91,"UiB","WTXLD","2:Nominal choice","G",300,100,"1:Bachelor","male",21,"1:SV",1,0,0,1
92,"UiB","WTXLD","1:No choice","Y",400,900,"1:Bachelor","male",21,"5:V",3,1,1,1
93,"UiB","WTXLD","2:Nominal choice","G",750,100,"1:Bachelor","female",19,"7:Frp",1,0,0,1
96,"UiB","WTXLD","3:Forced choice","Y",0,100,9,"female",20,"6:H",3,1,1,1
97,"UiB","WTXLD","2:Nominal choice","Y",400,500,"1:Bachelor","female",23,"other party",0,0,0,0
98,"UiB","WTXLD","1:No choice","Y",300,500,"1:Bachelor","male",21,"6:H",3,1,1,1
100,"UiB","WTXLD","2:Nominal choice","G",400,100,9,"male",23,"7:Frp",1,0,0,1
101,"UiB","WTXLD","3:Forced choice","Y",200,100,"1:Bachelor","female",21,"1:SV",2,1,1,0
102,"UiB","WTXLD","1:No choice","Y",400,200,9,"male",22,"6:H",3,1,1,1
103,"UiB","WTXLD","3:Forced choice","Y",400,100,"2:Master","male",25,"5:V",3,1,1,1
105,"UiB","WTXLD","1:No choice","Y",0,500,9,"female",37.25,"other party",1,1,0,0
106,"UiB","WTXLD","1:No choice","Y",400,500,"1:Bachelor","male",37.25,"6:H",0,0,0,0
108,"UiB","NQQFO","1:No choice","Y",300,500,"1:Bachelor","female",21,"5:V",2,1,1,0
109,"UiB","NQQFO","3:Forced choice","S",400,125,"1:Bachelor","female",24,"4:Krf",1,0,0,1
110,"UiB","NQQFO","2:Nominal choice","Y",0,500,"2:Master","female",24,"3:Sp",3,1,1,1
111,"UiB","NQQFO","1:No choice","Y",400,500,"2:Master","female",23,"2:Ap",1,0,0,1
112,"UiB","NQQFO","3:Forced choice","Y",0,500,"1:Bachelor","male",19,"5:V",3,1,1,1
113,"UiB","NQQFO","3:Forced choice","Y",400,400,"1:Bachelor","male",22,"2:Ap",2,0,1,1
114,"UiB","NQQFO","1:No choice","Y",400,500,"1:Bachelor","female",22,"blank",1,1,0,0
115,"UiB","NQQFO","2:Nominal choice","G",400,400,"1:Bachelor","female",23,"5:V",2,1,0,1
116,"UiB","NQQFO","2:Nominal choice","G",400,700,"1:Bachelor","female",19,"6:H",0,0,0,0
117,"UiB","NQQFO","1:No choice","Y",300,500,"1:Bachelor","female",21,"4:Krf",1,0,1,0
118,"UiB","NQQFO","2:Nominal choice","Y",300,300,"1:Bachelor","female",21,"6:H",0,0,0,0
119,"UiB","NQQFO","1:No choice","Y",300,400,"1:Bachelor","female",23,"3:Sp",0,0,0,0
120,"UiB","NQQFO","1:No choice","Y",400,100,9,"female",21,"5:V",2,1,1,0
121,"UiB","NQQFO","3:Forced choice","Y",0,500,"1:Bachelor","male",22,"6:H",3,1,1,1
122,"UiB","NQQFO","1:No choice","Y",400,100,"1:Bachelor","male",23,"5:V",2,1,0,1
123,"UiB","NQQFO","3:Forced choice","Y",400,500,"2:Master","female",20,"2:Ap",0,0,0,0
124,"UiB","NQQFO","1:No choice","Y",350,600,"1:Bachelor","female",21,"6:H",0,0,0,0
125,"UiB","NQQFO","2:Nominal choice","G",400,200,9,"female",21,"6:H",1,1,0,0
126,"UiB","NQQFO","2:Nominal choice","G",200,100,9,"female",23,"6:H",0,0,0,0
127,"UiB","NQQFO","2:Nominal choice","Y",800,100,"1:Bachelor","male",21,"6:H",3,1,1,1
128,"UiB","NQQFO","2:Nominal choice","Y",100,100,"1:Bachelor","male",19,"2:Ap",1,0,0,1
129,"UiB","NQQFO","1:No choice","Y",400,100,"1:Bachelor","male",24,"blank",1,0,0,1
130,"UiB","NQQFO","3:Forced choice","Y",300,100,"1:Bachelor","female",21,"2:Ap",1,0,1,0
131,"UiB","NQQFO","3:Forced choice","Y",0,100,9,"male",22,"2:Ap",1,0,1,0
132,"UiB","NQQFO","3:Forced choice","Y",400,600,"1:Bachelor","male",21,"1:SV",2,0,1,1
133,"UiB","NQQFO","3:Forced choice","Y",400,500,9,"female",24,"3:Sp",3,1,1,1
134,"UiB","NQQFO","3:Forced choice","Y",400,100,"1:Bachelor","female",21,"5:V",0,0,0,0
135,"UiB","NQQFO","1:No choice","Y",400,100,"1:Bachelor","male",19,"2:Ap",3,1,1,1
136,"UiB","NQQFO","2:Nominal choice","Y",400,800,"1:Bachelor","female",23,"2:Ap",0,0,0,0
137,"UiB","NQQFO","2:Nominal choice","G",200,500,"1:Bachelor","female",21,"5:V",0,0,0,0
138,"UiB","NQQFO","2:Nominal choice","Y",300,100,"1:Bachelor","female",19,"2:Ap",0,0,0,0
139,"UiB","NQQFO","3:Forced choice","S",250,125,"2:Master","female",20,"7:Frp",0,0,0,0
140,"UiB","NQQFO","1:No choice","Y",0,100,"1:Bachelor","female",23,"other party",2,1,0,1
141,"UiB","NQQFO","2:Nominal choice","Y",200,600,"2:Master","male",20,"6:H",3,1,1,1
142,"UiB","NQQFO","3:Forced choice","Y",200,900,"1:Bachelor","female",19,"other party",3,1,1,1
143,"UiB","NQQFO","1:No choice","Y",400,100,"2:Master","male",24,"other party",2,1,0,1
145,"UiB","EHOYI","1:No choice","Y",200,500,"1:Bachelor","female",23,"6:H",1,0,0,1
146,"UiB","EHOYI","2:Nominal choice","G",300,500,"2:Master","female",23,"5:V",0,0,0,0
147,"UiB","EHOYI","1:No choice","Y",400,100,"1:Bachelor","female",19,"6:H",1,0,0,1
148,"UiB","EHOYI","1:No choice","Y",400,500,"1:Bachelor","female",21,"6:H",1,0,1,0
149,"UiB","EHOYI","3:Forced choice","Y",400,400,9,"male",19,"2:Ap",3,1,1,1
151,"UiB","EHOYI","3:Forced choice","S",300,125,"1:Bachelor","female",21,"2:Ap",2,1,0,1
152,"UiB","EHOYI","2:Nominal choice","G",350,900,"1:Bachelor","female",19,"3:Sp",3,1,1,1
153,"UiB","EHOYI","3:Forced choice","Y",500,400,"1:Bachelor","female",20,"5:V",2,1,0,1
154,"UiB","EHOYI","3:Forced choice","Y",300,500,"1:Bachelor","female",20,"5:V",3,1,1,1
155,"UiB","EHOYI","3:Forced choice","Y",400,600,"2:Master","male",24,"2:Ap",3,1,1,1
156,"UiB","EHOYI","3:Forced choice","Y",400,600,"1:Bachelor","female",22,"blank",2,0,1,1
157,"UiB","EHOYI","1:No choice","Y",0,100,"1:Bachelor","male",25,"other party",2,0,1,1
158,"UiB","EHOYI","2:Nominal choice","G",400,900,"2:Master","male",26,"other party",2,1,1,0
159,"UiB","EHOYI","2:Nominal choice","G",400,500,"1:Bachelor","female",19,"3:Sp",0,0,0,0
160,"UiB","EHOYI","1:No choice","Y",400,100,"2:Master","male",23,"5:V",0,0,0,0
161,"UiB","EHOYI","3:Forced choice","Y",300,600,"1:Bachelor","female",27,"5:V",1,0,1,0
162,"UiB","EHOYI","1:No choice","Y",400,500,9,"female",21,"2:Ap",3,1,1,1
163,"UiB","EHOYI","2:Nominal choice","G",350,900,9,"female",25,"3:Sp",2,1,0,1
164,"UiB","EHOYI","1:No choice","Y",400,100,"1:Bachelor","male",23,"other party",2,0,1,1
165,"UiB","EHOYI","2:Nominal choice","Y",400,900,"1:Bachelor","female",28,"5:V",0,0,0,0
166,"UiB","EHOYI","3:Forced choice","Y",400,100,"2:Master","female",26,"2:Ap",3,1,1,1
167,"UiB","EHOYI","1:No choice","Y",400,900,"1:Bachelor","male",22,"6:H",2,0,1,1
168,"UiB","EHOYI","2:Nominal choice","Y",400,500,"1:Bachelor","female",24,"1:SV",0,0,0,0
171,"UiB","EHOYI","1:No choice","Y",400,100,"1:Bachelor","male",23,"2:Ap",0,0,0,0
172,"UiB","EHOYI","2:Nominal choice","G",400,550,9,"female",20,"6:H",0,0,0,0
173,"UiB","EHOYI","2:Nominal choice","Y",400,450,"1:Bachelor","female",27,"other party",3,1,1,1
174,"UiB","EHOYI","1:No choice","Y",300,500,"1:Bachelor","female",21,"2:Ap",1,1,0,0
176,"UiB","EHOYI","3:Forced choice","Y",200,500,"1:Bachelor","female",22,"2:Ap",0,0,0,0
177,"UiB","EHOYI","1:No choice","Y",0,100,"2:Master","female",23,"1:SV",3,1,1,1
178,"UiB","EHOYI","2:Nominal choice","Y",200,500,9,"female",37.25,"2:Ap",0,0,0,0
179,"UiB","EHOYI","3:Forced choice","Y",400,400,9,"male",37.25,"other party",1,0,0,1
180,"UiB","FUKJE","1:No choice","Y",100,400,"1:Bachelor","female",25,"6:H",1,0,0,1
181,"UiB","FUKJE","1:No choice","Y",400,600,9,"female",22,"other party",1,0,1,0
182,"UiB","FUKJE","2:Nominal choice","G",400,500,9,"female",27,"2:Ap",0,0,0,0
183,"UiB","FUKJE","1:No choice","Y",400,800,"1:Bachelor","female",22,"1:SV",1,1,0,0
184,"UiB","FUKJE","3:Forced choice","Y",200,500,"2:Master","female",27,"2:Ap",2,0,1,1
185,"UiB","FUKJE","3:Forced choice","Y",0,100,"2:Master","male",26,"blank",3,1,1,1
186,"UiB","FUKJE","2:Nominal choice","Y",200,500,9,"female",22,"4:Krf",1,0,0,1
188,"UiB","FUKJE","1:No choice","Y",400,200,"1:Bachelor","male",21,"1:SV",3,1,1,1
189,"UiB","FUKJE","1:No choice","Y",400,500,9,"male",22,"5:V",3,1,1,1
190,"UiB","FUKJE","2:Nominal choice","Y",0,300,"2:Master","female",37.25,"other party",0,0,0,0
191,"UiB","FUKJE","2:Nominal choice","Y",800,900,"2:Master","male",22,"6:H",0,0,0,0
192,"UiB","FUKJE","2:Nominal choice","Y",400,500,9,"male",20,"6:H",3,1,1,1
193,"UiB","FUKJE","1:No choice","Y",300,500,"1:Bachelor","female",20,"2:Ap",0,0,0,0
194,"UiB","FUKJE","1:No choice","Y",400,500,"1:Bachelor","male",21,"5:V",1,0,1,0
195,"UiB","FUKJE","2:Nominal choice","G",400,700,"1:Bachelor","female",20,"5:V",3,1,1,1
196,"UiB","FUKJE","2:Nominal choice","Y",400,100,"2:Master","female",23,"2:Ap",0,0,0,0
197,"UiB","FUKJE","1:No choice","Y",400,500,"1:Bachelor","female",19,"1:SV",2,0,1,1
198,"UiB","FUKJE","3:Forced choice","Y",0,500,"1:Bachelor","male",28,"7:Frp",1,0,1,0
199,"UiB","FUKJE","1:No choice","Y",400,500,"1:Bachelor","female",22,"other party",0,0,0,0
200,"UiB","FUKJE","2:Nominal choice","G",400,100,"1:Bachelor","male",23,"other party",3,1,1,1
201,"UiB","FUKJE","3:Forced choice","Y",0,100,"1:Bachelor","female",20,"2:Ap",3,1,1,1
202,"UiB","FUKJE","2:Nominal choice","Y",400,100,9,"female",20,"2:Ap",0,0,0,0
203,"UiB","FUKJE","3:Forced choice","Y",400,900,"1:Bachelor","female",27,"6:H",0,0,0,0
204,"UiB","FUKJE","3:Forced choice","Y",300,100,9,"female",21,"2:Ap",1,0,1,0
205,"UiB","FUKJE","3:Forced choice","Y",400,100,"2:Master","female",25,"2:Ap",2,1,0,1
206,"UiB","FUKJE","3:Forced choice","Y",0,100,"1:Bachelor","female",23,"other party",0,0,0,0
208,"UiB","FUKJE","2:Nominal choice","G",400,100,"2:Master","male",27,"5:V",3,1,1,1
209,"UiB","FUKJE","1:No choice","Y",400,100,9,"female",20,"1:SV",0,0,0,0
210,"UiB","FUKJE","3:Forced choice","Y",300,100,"1:Bachelor","female",20,"6:H",1,1,0,0
211,"UiB","FUKJE","1:No choice","Y",300,500,9,"male",22,"5:V",3,1,1,1
212,"UiB","FUKJE","3:Forced choice","Y",400,100,"1:Bachelor","male",20,"2:Ap",1,0,1,0
213,"UiB","FUKJE","1:No choice","Y",400,100,9,"female",19,"2:Ap",0,0,0,0
214,"UiB","FUKJE","3:Forced choice","Y",400,100,"1:Bachelor","male",21,"2:Ap",2,1,0,1
215,"UiB","FUKJE","2:Nominal choice","G",400,500,9,"male",22,"2:Ap",2,0,1,1
216,"NHH","STECE","3:Forced choice","Y",400,700,"1:Bachelor","female",20,"2:Ap",3,1,1,1
217,"NHH","STECE","1:No choice","Y",0,500,"1:Bachelor","male",21,"7:Frp",3,1,1,1
218,"NHH","STECE","3:Forced choice","Y",350,700,"1:Bachelor","male",21,"2:Ap",2,0,1,1
219,"NHH","STECE","2:Nominal choice","G",300,100,"1:Bachelor","male",20,"6:H",0,0,0,0
220,"NHH","STECE","2:Nominal choice","Y",200,400,"1:Bachelor","female",22,"2:Ap",3,1,1,1
221,"NHH","STECE","2:Nominal choice","G",300,500,"1:Bachelor","male",21,"5:V",1,0,0,1
222,"NHH","STECE","1:No choice","Y",400,500,"1:Bachelor","male",20,"5:V",3,1,1,1
223,"NHH","STECE","1:No choice","Y",400,500,"1:Bachelor","male",24,"7:Frp",1,0,0,1
224,"NHH","STECE","3:Forced choice","Y",10,300,"1:Bachelor","male",21,"6:H",2,0,1,1
225,"NHH","STECE","3:Forced choice","Y",400,300,"1:Bachelor","female",21,"4:Krf",2,1,0,1
226,"NHH","STECE","1:No choice","Y",400,500,"1:Bachelor","female",20,"6:H",0,0,0,0
227,"NHH","STECE","1:No choice","Y",400,500,"1:Bachelor","male",21,"6:H",3,1,1,1
228,"NHH","STECE","2:Nominal choice","G",400,600,"1:Bachelor","male",22,"6:H",1,0,0,1
230,"NHH","STECE","3:Forced choice","Y",400,500,"1:Bachelor","female",22,"2:Ap",1,0,1,0
231,"NHH","STECE","2:Nominal choice","G",300,100,"1:Bachelor","female",23,"2:Ap",0,0,0,0
232,"NHH","STECE","3:Forced choice","Y",0,500,"1:Bachelor","female",20,"blank",2,0,1,1
233,"NHH","STECE","3:Forced choice","Y",0,550,"1:Bachelor","male",21,"6:H",3,1,1,1
235,"NHH","STECE","1:No choice","Y",400,500,"2:Master","female",24,"6:H",1,0,0,1
236,"NHH","STECE","2:Nominal choice","Y",0,500,"1:Bachelor","male",22,"6:H",2,1,0,1
237,"NHH","STECE","1:No choice","Y",400,500,"1:Bachelor","female",21,"2:Ap",2,0,1,1
238,"NHH","STECE","1:No choice","Y",10,500,"1:Bachelor","male",20,"blank",0,0,0,0
239,"NHH","STECE","1:No choice","Y",400,110,"1:Bachelor","female",20,"2:Ap",0,0,0,0
240,"NHH","STECE","1:No choice","Y",400,500,"2:Master","female",24,"blank",1,0,1,0
241,"NHH","STECE","2:Nominal choice","G",300,500,"1:Bachelor","male",22,"6:H",3,1,1,1
242,"NHH","STECE","2:Nominal choice","Y",200,900,"1:Bachelor","male",21,"6:H",2,0,1,1
243,"NHH","STECE","3:Forced choice","Y",0,900,"1:Bachelor","male",21,"6:H",3,1,1,1
244,"NHH","STECE","2:Nominal choice","Y",300,400,"1:Bachelor","female",21,"2:Ap",3,1,1,1
245,"NHH","STECE","1:No choice","Y",400,500,"1:Bachelor","male",20,"6:H",2,0,1,1
246,"NHH","STECE","3:Forced choice","Y",400,900,"1:Bachelor","female",21,"2:Ap",3,1,1,1
247,"NHH","STECE","3:Forced choice","Y",400,500,"1:Bachelor","male",22,"2:Ap",2,1,0,1
248,"NHH","STECE","2:Nominal choice","G",400,600,"1:Bachelor","male",21,"5:V",3,1,1,1
249,"NHH","STECE","2:Nominal choice","G",400,400,"1:Bachelor","male",21,"6:H",1,0,1,0
250,"NHH","STECE","2:Nominal choice","Y",400,900,"2:Master","male",24,"2:Ap",1,0,0,1
251,"NHH","STECE","1:No choice","Y",200,890,"1:Bachelor","female",20,"7:Frp",2,0,1,1
252,"NHH","STECE","1:No choice","Y",400,500,"1:Bachelor","female",20,"2:Ap",0,0,0,0
253,"NHH","STECE","3:Forced choice","Y",400,450,"2:Master","male",25,"5:V",3,1,1,1
254,"NHH","STECE","3:Forced choice","Y",400,100,"1:Bachelor","male",20,"other party",3,1,1,1
255,"NHH","STECE","2:Nominal choice","Y",0,600,"2:Master","male",24,"6:H",2,0,1,1
256,"NHH","STECE","1:No choice","Y",400,500,"1:Bachelor","female",22,"2:Ap",0,0,0,0
257,"NHH","STECE","2:Nominal choice","Y",0,500,"1:Bachelor","male",21,"1:SV",3,1,1,1
258,"NHH","STECE","3:Forced choice","Y",400,875,"1:Bachelor","male",22,"3:Sp",3,1,1,1
259,"NHH","STECE","3:Forced choice","Y",400,100,"1:Bachelor","male",20,"4:Krf",3,1,1,1
260,"NHH","STECE","3:Forced choice","Y",25,900,"1:Bachelor","male",23,"4:Krf",3,1,1,1
261,"NHH","STECE","3:Forced choice","Y",300,500,"1:Bachelor","male",20,"2:Ap",1,1,0,0
262,"NHH","STECE","1:No choice","Y",400,500,"1:Bachelor","male",21,"7:Frp",1,0,0,1
263,"NHH","STECE","2:Nominal choice","Y",0,100,"1:Bachelor","male",23,"2:Ap",2,1,0,1
264,"NHH","STECE","1:No choice","Y",400,500,"1:Bachelor","male",23,"5:V",3,1,1,1
268,"NHH","STECE","1:No choice","Y",400,500,"1:Bachelor","female",19,"6:H",0,0,0,0
269,"NHH","STECE","1:No choice","Y",300,500,"1:Bachelor","female",20,"6:H",2,1,0,1
270,"NHH","STECE","3:Forced choice","Y",200,900,"1:Bachelor","male",21,"6:H",2,1,1,0
271,"NHH","STECE","2:Nominal choice","Y",200,900,"1:Bachelor","male",21,"6:H",3,1,1,1
272,"NHH","STECE","3:Forced choice","Y",200,125,"2:Master","male",26,"6:H",3,1,1,1
273,"NHH","STECE","2:Nominal choice","Y",400,900,"1:Bachelor","male",20,"6:H",3,1,1,1
274,"NHH","STECE","1:No choice","Y",400,500,"1:Bachelor","male",21,"7:Frp",3,1,1,1
275,"NHH","STECE","1:No choice","Y",300,500,"2:Master","male",22,"6:H",2,1,1,0
276,"NHH","STECE","2:Nominal choice","Y",400,100,"1:Bachelor","female",23,"6:H",2,0,1,1
277,"NHH","STECE","3:Forced choice","Y",300,900,"1:Bachelor","female",21,"6:H",2,1,0,1
278,"NHH","NZKXU","3:Forced choice","Y",200,500,"1:Bachelor","female",22,"3:Sp",1,0,0,1
279,"NHH","NZKXU","3:Forced choice","Y",200,900,"1:Bachelor","male",21,"6:H",3,1,1,1
280,"NHH","NZKXU","1:No choice","Y",400,500,"1:Bachelor","male",23,"6:H",3,1,1,1
281,"NHH","NZKXU","1:No choice","Y",400,900,"2:Master","female",22,"blank",0,0,0,0
282,"NHH","NZKXU","1:No choice","Y",400,500,"2:Master","male",24,"6:H",3,1,1,1
283,"NHH","NZKXU","2:Nominal choice","Y",0,300,"2:Master","female",23,"6:H",0,0,0,0
284,"NHH","NZKXU","2:Nominal choice","G",200,700,"1:Bachelor","female",21,"6:H",3,1,1,1
285,"NHH","NZKXU","3:Forced choice","Y",25,400,"2:Master","female",23,"6:H",3,1,1,1
286,"NHH","NZKXU","3:Forced choice","Y",400,500,"2:Master","male",25,"2:Ap",0,0,0,0
287,"NHH","NZKXU","2:Nominal choice","G",100,100,"2:Master","male",25,"2:Ap",1,0,0,1
288,"NHH","NZKXU","2:Nominal choice","Y",400,500,"1:Bachelor","male",21,"2:Ap",0,0,0,0
289,"NHH","NZKXU","3:Forced choice","Y",400,500,"1:Bachelor","female",21,"4:Krf",2,1,0,1
290,"NHH","NZKXU","3:Forced choice","Y",100,100,"1:Bachelor","female",20,"blank",2,0,1,1
291,"NHH","NZKXU","1:No choice","Y",400,500,"1:Bachelor","male",20,"2:Ap",3,1,1,1
292,"NHH","NZKXU","1:No choice","Y",400,100,"2:Master","female",25,"1:SV",2,0,1,1
293,"NHH","NZKXU","2:Nominal choice","Y",300,300,"1:Bachelor","female",21,"2:Ap",2,1,0,1
294,"NHH","NZKXU","3:Forced choice","Y",400,600,"1:Bachelor","female",21,"6:H",2,1,1,0
295,"NHH","NZKXU","1:No choice","Y",300,500,"1:Bachelor","male",23,"other party",3,1,1,1
296,"NHH","NZKXU","1:No choice","Y",400,700,"2:Master","male",21,"6:H",2,1,0,1
297,"NHH","NZKXU","1:No choice","Y",300,500,"2:Master","male",25,"6:H",3,1,1,1
298,"NHH","NZKXU","1:No choice","Y",200,600,"2:Master","male",26,"6:H",0,0,0,0
299,"NHH","NZKXU","1:No choice","Y",400,300,"2:Master","female",23,"2:Ap",2,1,1,0
300,"NHH","NZKXU","1:No choice","Y",400,500,"2:Master","male",26,"7:Frp",0,0,0,0
301,"NHH","NZKXU","2:Nominal choice","Y",300,100,"1:Bachelor","female",20,"6:H",0,0,0,0
302,"NHH","NZKXU","2:Nominal choice","G",400,400,"1:Bachelor","female",21,"6:H",2,1,0,1
303,"NHH","NZKXU","3:Forced choice","Y",400,500,"1:Bachelor","male",21,"4:Krf",2,1,0,1
304,"NHH","NZKXU","2:Nominal choice","Y",0,100,"2:Master","male",24,"6:H",3,1,1,1
305,"NHH","NZKXU","1:No choice","Y",400,600,"2:Master","male",23,"2:Ap",2,0,1,1
306,"NHH","NZKXU","3:Forced choice","Y",200,500,"1:Bachelor","female",21,"6:H",2,1,0,1
307,"NHH","NZKXU","1:No choice","Y",400,500,"2:Master","male",25,"2:Ap",3,1,1,1
308,"NHH","NZKXU","3:Forced choice","Y",400,500,"1:Bachelor","female",22,"5:V",2,1,0,1
309,"NHH","NZKXU","2:Nominal choice","G",300,500,"1:Bachelor","female",20,"6:H",0,0,0,0
310,"NHH","NZKXU","3:Forced choice","Y",0,300,"1:Bachelor","male",22,"6:H",3,1,1,1
311,"NHH","NZKXU","2:Nominal choice","G",400,500,"1:Bachelor","male",20,"4:Krf",3,1,1,1
312,"NHH","NZKXU","1:No choice","Y",300,400,"1:Bachelor","female",21,"7:Frp",1,0,0,1
313,"NHH","NZKXU","3:Forced choice","Y",350,700,"1:Bachelor","male",23,"5:V",2,1,0,1
314,"NHH","NZKXU","1:No choice","Y",400,900,"2:Master","female",22,"6:H",1,0,0,1
315,"NHH","NZKXU","3:Forced choice","Y",200,875,"2:Master","male",24,"2:Ap",0,0,0,0
316,"NHH","NZKXU","3:Forced choice","Y",800,125,"2:Master","male",24,"7:Frp",3,1,1,1
317,"NHH","NZKXU","1:No choice","Y",400,900,"1:Bachelor","female",20,"blank",3,1,1,1
318,"NHH","NZKXU","2:Nominal choice","G",0,100,"1:Bachelor","male",25,"4:Krf",0,0,0,0
319,"NHH","NZKXU","3:Forced choice","Y",300,500,"1:Bachelor","female",23,"6:H",3,1,1,1
320,"NHH","NZKXU","2:Nominal choice","G",300,700,"1:Bachelor","male",21,"6:H",2,1,0,1
321,"NHH","NZKXU","3:Forced choice","Y",400,600,"2:Master","female",22,"6:H",0,0,0,0
323,"NHH","NZKXU","2:Nominal choice","Y",200,500,"2:Master","male",23,"6:H",3,1,1,1
324,"NHH","NZKXU","1:No choice","Y",0,400,"2:Master","male",24,"6:H",2,1,0,1
325,"NHH","NZKXU","3:Forced choice","Y",300,500,"1:Bachelor","female",24,"6:H",3,1,1,1
326,"NHH","NZKXU","3:Forced choice","Y",400,900,"1:Bachelor","male",20,"6:H",3,1,1,1
327,"NHH","NZKXU","2:Nominal choice","G",300,100,"1:Bachelor","male",21,"6:H",2,0,1,1
328,"NHH","NZKXU","2:Nominal choice","Y",400,600,"1:Bachelor","female",21,"6:H",2,0,1,1
329,"NHH","NZKXU","1:No choice","Y",400,500,"2:Master","male",27,"6:H",2,1,0,1
330,"NHH","NZKXU","1:No choice","Y",400,900,"1:Bachelor","female",23,"2:Ap",1,0,0,1
331,"NHH","NZKXU","1:No choice","Y",300,900,"1:Bachelor","female",22,"6:H",3,1,1,1
332,"NHH","NZKXU","2:Nominal choice","Y",400,100,"1:Bachelor","female",22,"5:V",3,1,1,1
333,"NHH","NZKXU","3:Forced choice","Y",400,900,"2:Master","male",23,"6:H",2,0,1,1
334,"NHH","NZKXU","2:Nominal choice","Y",400,100,"1:Bachelor","female",21,"6:H",1,0,0,1
335,"NHH","NZKXU","2:Nominal choice","Y",400,900,"2:Master","male",22,"blank",3,1,1,1
336,"NHH","NZKXU","3:Forced choice","Y",300,400,"2:Master","male",26,"5:V",2,0,1,1
337,"NHH","NZKXU","2:Nominal choice","G",200,100,"1:Bachelor","female",22,"6:H",1,0,0,1
338,"NHH","PEHGF","2:Nominal choice","G",400,900,"2:Master","female",24,"6:H",3,1,1,1
339,"NHH","PEHGF","3:Forced choice","Y",400,400,"1:Bachelor","female",22,"6:H",0,0,0,0
340,"NHH","PEHGF","3:Forced choice","Y",300,600,"2:Master","male",23,"6:H",2,1,0,1
341,"NHH","PEHGF","2:Nominal choice","Y",200,900,"1:Bachelor","female",22,"4:Krf",0,0,0,0
342,"NHH","PEHGF","2:Nominal choice","G",400,900,"1:Bachelor","male",24,"6:H",3,1,1,1
343,"NHH","PEHGF","1:No choice","Y",300,800,"1:Bachelor","female",22,"6:H",1,0,1,0
344,"NHH","PEHGF","2:Nominal choice","Y",100,900,"1:Bachelor","male",22,"6:H",3,1,1,1
345,"NHH","PEHGF","1:No choice","Y",400,900,"2:Master","male",24,"7:Frp",2,1,0,1
346,"NHH","PEHGF","1:No choice","Y",300,200,"1:Bachelor","male",19,"5:V",1,1,0,0
347,"NHH","PEHGF","3:Forced choice","Y",400,400,"2:Master","male",25,"3:Sp",2,0,1,1
348,"NHH","PEHGF","2:Nominal choice","G",800,100,"2:Master","male",30,"6:H",3,1,1,1
349,"NHH","PEHGF","2:Nominal choice","G",400,900,"2:Master","female",23,"5:V",3,1,1,1
350,"NHH","PEHGF","1:No choice","Y",0,100,"2:Master","male",26,"6:H",2,0,1,1
351,"NHH","PEHGF","2:Nominal choice","G",400,900,"1:Bachelor","female",24,"2:Ap",3,1,1,1
352,"NHH","PEHGF","3:Forced choice","Y",400,600,"2:Master","male",27,"2:Ap",3,1,1,1
353,"NHH","PEHGF","1:No choice","Y",400,600,"1:Bachelor","male",23,"6:H",1,0,0,1
354,"NHH","PEHGF","2:Nominal choice","G",0,900,"2:Master","male",25,"6:H",2,1,0,1
355,"NHH","PEHGF","3:Forced choice","Y",200,100,"2:Master","male",26,"6:H",1,0,0,1
356,"NHH","PEHGF","3:Forced choice","Y",400,900,"2:Master","male",24,"2:Ap",3,1,1,1
357,"NHH","PEHGF","1:No choice","Y",0,400,"2:Master","male",30,"3:Sp",1,0,1,0
358,"NHH","PEHGF","3:Forced choice","Y",0,700,"1:Bachelor","male",23,"6:H",3,1,1,1
359,"NHH","PEHGF","1:No choice","Y",0,400,"1:Bachelor","male",20,"6:H",3,1,1,1
360,"NHH","PEHGF","3:Forced choice","Y",0,300,"2:Master","female",24,"5:V",3,1,1,1
361,"NHH","PEHGF","2:Nominal choice","G",0,350,"2:Master","male",25,"6:H",2,0,1,1
362,"NHH","PEHGF","1:No choice","Y",230,600,"1:Bachelor","male",22,"6:H",2,1,0,1
363,"NHH","PEHGF","1:No choice","Y",100,600,"1:Bachelor","male",20,"5:V",2,1,0,1
364,"NHH","PEHGF","1:No choice","Y",300,900,"2:Master","female",37.25,"other party",1,0,1,0
365,"NHH","PEHGF","2:Nominal choice","Y",100,900,"1:Bachelor","male",20,"2:Ap",2,0,1,1
366,"NHH","PEHGF","2:Nominal choice","G",0,100,"2:Master","male",24,"6:H",0,0,0,0
367,"NHH","PEHGF","1:No choice","Y",400,600,"1:Bachelor","male",21,"6:H",3,1,1,1
368,"NHH","PEHGF","2:Nominal choice","Y",400,100,"2:Master","female",23,"5:V",1,0,0,1
369,"NHH","PEHGF","3:Forced choice","Y",0,500,"1:Bachelor","male",21,"2:Ap",1,0,0,1
371,"NHH","PEHGF","3:Forced choice","Y",400,500,"1:Bachelor","male",23,"6:H",2,0,1,1
372,"NHH","PEHGF","3:Forced choice","Y",400,500,"2:Master","female",26,"5:V",3,1,1,1
373,"NHH","PEHGF","1:No choice","Y",400,900,"1:Bachelor","male",23,"6:H",3,1,1,1
374,"NHH","PEHGF","1:No choice","Y",0,400,"2:Master","male",24,"6:H",2,1,1,0
375,"NHH","PEHGF","2:Nominal choice","G",400,900,"2:Master","female",24,"2:Ap",1,0,1,0
376,"NHH","PEHGF","2:Nominal choice","G",400,500,"2:Master","male",28,"6:H",2,0,1,1
377,"NHH","PEHGF","2:Nominal choice","G",0,700,"1:Bachelor","male",24,"5:V",1,0,0,1
378,"NHH","PEHGF","1:No choice","Y",0,100,"1:Bachelor","female",22,"2:Ap",1,1,0,0
379,"NHH","PEHGF","1:No choice","Y",0,900,"2:Master","male",25,"6:H",1,1,0,0
380,"NHH","PEHGF","3:Forced choice","Y",400,500,"1:Bachelor","female",23,"6:H",1,0,0,1
381,"NHH","PEHGF","3:Forced choice","Y",0,500,"1:Bachelor","male",22,"6:H",2,0,1,1
383,"NHH","PEHGF","2:Nominal choice","Y",350,300,"2:Master","male",26,"6:H",1,0,0,1
384,"NHH","PEHGF","2:Nominal choice","G",400,900,"2:Master","female",23,"2:Ap",3,1,1,1
385,"NHH","PEHGF","1:No choice","Y",350,900,"2:Master","male",25,"2:Ap",2,0,1,1
386,"NHH","PEHGF","1:No choice","Y",300,900,"1:Bachelor","male",23,"5:V",3,1,1,1
387,"NHH","PEHGF","2:Nominal choice","Y",0,500,"1:Bachelor","male",21,"6:H",3,1,1,1
388,"NHH","PEHGF","1:No choice","Y",400,900,"2:Master","male",24,"6:H",3,1,1,1
389,"NHH","PEHGF","3:Forced choice","Y",400,500,"1:Bachelor","male",20,"2:Ap",3,1,1,1
390,"NHH","PEHGF","3:Forced choice","Y",200,900,"2:Master","female",22,"6:H",2,0,1,1
391,"NHH","PEHGF","2:Nominal choice","Y",0,650,"1:Bachelor","male",21,"6:H",3,1,1,1
392,"NHH","PEHGF","3:Forced choice","Y",400,100,"2:Master","male",26,"5:V",3,1,1,1
393,"NHH","PEHGF","3:Forced choice","Y",250,100,"1:Bachelor","female",19,"6:H",0,0,0,0
394,"NHH","PEHGF","3:Forced choice","Y",800,100,"1:Bachelor","male",21,"6:H",3,1,1,1
395,"NHH","PEHGF","2:Nominal choice","Y",250,900,"2:Master","male",24,"2:Ap",3,1,1,1
396,"NHH","PEHGF","1:No choice","Y",50,400,"2:Master","female",24,"2:Ap",0,0,0,0
397,"NHH","PEHGF","1:No choice","Y",300,900,"2:Master","male",28,"6:H",2,0,1,1
398,"NHH","PEHGF","3:Forced choice","Y",300,900,"1:Bachelor","male",21,"6:H",0,0,0,0
399,"NHH","PEHGF","3:Forced choice","Y",300,100,"1:Bachelor","male",18,"2:Ap",1,1,0,0
400,"NHH","TRXUS","3:Forced choice","Y",400,600,"1:Bachelor","male",21,"2:Ap",3,1,1,1
401,"NHH","TRXUS","3:Forced choice","Y",400,400,"2:Master","female",23,"6:H",1,0,0,1
402,"NHH","TRXUS","3:Forced choice","Y",0,900,"2:Master","male",23,"6:H",3,1,1,1
403,"NHH","TRXUS","3:Forced choice","Y",400,100,"2:Master","female",25,"6:H",1,1,0,0
404,"NHH","TRXUS","2:Nominal choice","G",400,450,"2:Master","male",26,"6:H",3,1,1,1
405,"NHH","TRXUS","1:No choice","Y",400,700,"2:Master","male",27,"3:Sp",3,1,1,1
406,"NHH","TRXUS","2:Nominal choice","Y",100,900,"2:Master","female",23,"other party",2,1,1,0
407,"NHH","TRXUS","2:Nominal choice","Y",400,900,"1:Bachelor","female",23,"1:SV",1,0,0,1
408,"NHH","TRXUS","2:Nominal choice","G",0,900,"1:Bachelor","male",22,"6:H",2,0,1,1
409,"NHH","TRXUS","1:No choice","Y",400,300,"2:Master","male",26,"6:H",2,0,1,1
410,"NHH","TRXUS","1:No choice","Y",400,450,"2:Master","female",27,"2:Ap",1,1,0,0
411,"NHH","TRXUS","1:No choice","Y",400,550,"1:Bachelor","male",20,"6:H",1,0,0,1
412,"NHH","TRXUS","2:Nominal choice","G",400,900,"2:Master","female",23,"1:SV",1,0,0,1
413,"NHH","TRXUS","1:No choice","Y",400,500,"2:Master","male",24,"2:Ap",3,1,1,1
414,"NHH","TRXUS","3:Forced choice","Y",300,500,"1:Bachelor","male",21,"7:Frp",0,0,0,0
415,"NHH","TRXUS","2:Nominal choice","G",0,500,"2:Master","male",25,"6:H",0,0,0,0
416,"NHH","TRXUS","1:No choice","Y",400,500,"1:Bachelor","male",22,"2:Ap",1,0,0,1
417,"NHH","TRXUS","2:Nominal choice","G",400,900,"1:Bachelor","male",22,"1:SV",3,1,1,1
418,"NHH","TRXUS","1:No choice","Y",100,500,"1:Bachelor","female",20,"2:Ap",1,0,0,1
419,"NHH","TRXUS","2:Nominal choice","Y",300,900,"2:Master","male",26,"6:H",3,1,1,1
420,"NHH","TRXUS","3:Forced choice","Y",400,500,"1:Bachelor","male",21,"blank",3,1,1,1
421,"NHH","TRXUS","3:Forced choice","Y",400,400,"2:Master","male",24,"blank",3,1,1,1
422,"NHH","TRXUS","2:Nominal choice","Y",0,200,"1:Bachelor","male",20,"blank",2,0,1,1
423,"NHH","TRXUS","3:Forced choice","Y",300,500,"2:Master","female",24,"2:Ap",0,0,0,0
424,"NHH","TRXUS","2:Nominal choice","Y",400,900,"2:Master","female",24,"2:Ap",3,1,1,1
425,"NHH","TRXUS","3:Forced choice","Y",0,600,"2:Master","male",28,"6:H",3,1,1,1
426,"NHH","TRXUS","3:Forced choice","Y",400,100,"2:Master","female",23,"6:H",2,1,0,1
427,"NHH","TRXUS","1:No choice","Y",400,500,"2:Master","male",26,"6:H",2,0,1,1
428,"NHH","TRXUS","2:Nominal choice","Y",350,900,"1:Bachelor","male",22,"6:H",2,0,1,1
429,"NHH","TRXUS","1:No choice","Y",400,500,"1:Bachelor","female",25,"5:V",0,0,0,0
430,"NHH","TRXUS","3:Forced choice","Y",400,500,"2:Master","male",24,"6:H",1,0,0,1
431,"NHH","TRXUS","3:Forced choice","Y",400,100,"2:Master","female",24,"2:Ap",1,1,0,0
432,"NHH","TRXUS","1:No choice","Y",400,500,"2:Master","male",24,"2:Ap",3,1,1,1
433,"NHH","TRXUS","1:No choice","Y",400,500,"2:Master","male",25,"6:H",3,1,1,1
434,"NHH","TRXUS","2:Nominal choice","Y",200,900,"2:Master","male",22,"7:Frp",2,1,0,1
435,"NHH","TRXUS","1:No choice","Y",400,500,"1:Bachelor","male",23,"blank",3,1,1,1
436,"NHH","TRXUS","2:Nominal choice","G",150,300,"2:Master","female",23,"6:H",1,0,0,1
437,"NHH","TRXUS","2:Nominal choice","Y",0,900,"1:Bachelor","male",21,"2:Ap",2,1,0,1
438,"NHH","TRXUS","1:No choice","Y",400,500,"1:Bachelor","male",22,"5:V",2,1,0,1
439,"NHH","TRXUS","3:Forced choice","Y",400,100,"2:Master","female",23,"2:Ap",3,1,1,1
440,"NHH","TRXUS","3:Forced choice","Y",400,500,"1:Bachelor","male",20,"6:H",1,1,0,0
442,"NHH","TRXUS","2:Nominal choice","Y",300,700,"1:Bachelor","male",20,"6:H",2,1,0,1
443,"NHH","TRXUS","3:Forced choice","Y",300,900,"2:Master","male",27,"6:H",1,0,0,1
444,"NHH","TRXUS","2:Nominal choice","G",400,100,"1:Bachelor","male",21,"blank",3,1,1,1
445,"NHH","TRXUS","3:Forced choice","Y",0,100,"1:Bachelor","male",20,"6:H",2,0,1,1
446,"NHH","TRXUS","1:No choice","Y",300,100,"2:Master","male",24,"2:Ap",2,0,1,1
447,"NHH","TRXUS","1:No choice","Y",350,500,"1:Bachelor","male",23,"6:H",2,0,1,1
448,"NHH","TRXUS","1:No choice","Y",400,500,"2:Master","male",26,"2:Ap",3,1,1,1
449,"NHH","TRXUS","3:Forced choice","Y",400,100,"2:Master","male",24,"2:Ap",3,1,1,1
450,"NHH","TRXUS","1:No choice","Y",400,100,"1:Bachelor","female",19,"6:H",0,0,0,0
451,"NHH","TRXUS","3:Forced choice","Y",400,100,"1:Bachelor","female",22,"6:H",0,0,0,0
452,"NHH","TRXUS","3:Forced choice","Y",400,500,"2:Master","female",23,"2:Ap",2,1,1,0
453,"NHH","TRXUS","2:Nominal choice","Y",800,550,"2:Master","male",24,"6:H",3,1,1,1
455,"NHH","TRXUS","2:Nominal choice","Y",800,100,"2:Master","male",26,"2:Ap",1,0,0,1
456,"NHH","TRXUS","2:Nominal choice","Y",400,500,"1:Bachelor","female",20,"other party",0,0,0,0
457,"NHH","TRXUS","1:No choice","Y",400,100,"1:Bachelor","male",20,"6:H",0,0,0,0
458,"NHH","TRXUS","2:Nominal choice","G",500,800,"1:Bachelor","female",21,"6:H",3,1,1,1
459,"NHH","TRXUS","1:No choice","Y",200,500,"2:Master","female",37.25,"2:Ap",2,1,0,1
460,"NHH","TRXUS","3:Forced choice","Y",0,100,"1:Bachelor","male",22,"6:H",3,1,1,1
